<ImportExportXml version="8.2.0001.0410" SolutionPackageVersion="8.1" languagecode="1033" generatedBy="CrmLive" xmlns:xsi="http://www.w3.org/2001/XMLSchema-instance">
  <SolutionManifest>
    <UniqueName>RappCanary365</UniqueName>
    <LocalizedNames>
      <LocalizedName description="Rapp Canary 365" languagecode="1033" />
    </LocalizedNames>
    <Descriptions />
    <Version>8.2.0.2</Version>
    <Managed>1</Managed>
    <Publisher>
      <UniqueName>rappen</UniqueName>
      <LocalizedNames>
        <LocalizedName description="Rappen" languagecode="1033" />
      </LocalizedNames>
      <Descriptions />
      <EMailAddress xsi:nil="true"></EMailAddress>
      <SupportingWebsiteUrl xsi:nil="true"></SupportingWebsiteUrl>
      <CustomizationPrefix>rapp</CustomizationPrefix>
      <CustomizationOptionValuePrefix>39013</CustomizationOptionValuePrefix>
      <Addresses>
        <Address>
          <AddressNumber>1</AddressNumber>
          <AddressTypeCode>1</AddressTypeCode>
          <City xsi:nil="true"></City>
          <County xsi:nil="true"></County>
          <Country xsi:nil="true"></Country>
          <Fax xsi:nil="true"></Fax>
          <FreightTermsCode xsi:nil="true"></FreightTermsCode>
          <ImportSequenceNumber xsi:nil="true"></ImportSequenceNumber>
          <Latitude xsi:nil="true"></Latitude>
          <Line1 xsi:nil="true"></Line1>
          <Line2 xsi:nil="true"></Line2>
          <Line3 xsi:nil="true"></Line3>
          <Longitude xsi:nil="true"></Longitude>
          <Name xsi:nil="true"></Name>
          <PostalCode xsi:nil="true"></PostalCode>
          <PostOfficeBox xsi:nil="true"></PostOfficeBox>
          <PrimaryContactName xsi:nil="true"></PrimaryContactName>
          <ShippingMethodCode>1</ShippingMethodCode>
          <StateOrProvince xsi:nil="true"></StateOrProvince>
          <Telephone1 xsi:nil="true"></Telephone1>
          <Telephone2 xsi:nil="true"></Telephone2>
          <Telephone3 xsi:nil="true"></Telephone3>
          <TimeZoneRuleVersionNumber xsi:nil="true"></TimeZoneRuleVersionNumber>
          <UPSZone xsi:nil="true"></UPSZone>
          <UTCOffset xsi:nil="true"></UTCOffset>
          <UTCConversionTimeZoneCode xsi:nil="true"></UTCConversionTimeZoneCode>
        </Address>
        <Address>
          <AddressNumber>2</AddressNumber>
          <AddressTypeCode>1</AddressTypeCode>
          <City xsi:nil="true"></City>
          <County xsi:nil="true"></County>
          <Country xsi:nil="true"></Country>
          <Fax xsi:nil="true"></Fax>
          <FreightTermsCode xsi:nil="true"></FreightTermsCode>
          <ImportSequenceNumber xsi:nil="true"></ImportSequenceNumber>
          <Latitude xsi:nil="true"></Latitude>
          <Line1 xsi:nil="true"></Line1>
          <Line2 xsi:nil="true"></Line2>
          <Line3 xsi:nil="true"></Line3>
          <Longitude xsi:nil="true"></Longitude>
          <Name xsi:nil="true"></Name>
          <PostalCode xsi:nil="true"></PostalCode>
          <PostOfficeBox xsi:nil="true"></PostOfficeBox>
          <PrimaryContactName xsi:nil="true"></PrimaryContactName>
          <ShippingMethodCode>1</ShippingMethodCode>
          <StateOrProvince xsi:nil="true"></StateOrProvince>
          <Telephone1 xsi:nil="true"></Telephone1>
          <Telephone2 xsi:nil="true"></Telephone2>
          <Telephone3 xsi:nil="true"></Telephone3>
          <TimeZoneRuleVersionNumber xsi:nil="true"></TimeZoneRuleVersionNumber>
          <UPSZone xsi:nil="true"></UPSZone>
          <UTCOffset xsi:nil="true"></UTCOffset>
          <UTCConversionTimeZoneCode xsi:nil="true"></UTCConversionTimeZoneCode>
        </Address>
      </Addresses>
    </Publisher>
    <RootComponents>
      <RootComponent type="91" schemaName="Rappen.Canary365.Plugin, Version=8.2.0.2, Culture=neutral, PublicKeyToken=fb1012b574914643" behavior="0" />
      <RootComponent type="92" id="{05b85aca-719f-e711-a956-000d3ab0a886}" behavior="0" />
      <RootComponent type="92" id="{18ae57c3-8d9f-e711-a954-000d3ab2b4cc}" behavior="0" />
      <RootComponent type="92" id="{20b76274-8d9f-e711-a957-000d3ab08f42}" behavior="0" />
      <RootComponent type="92" id="{20f17e54-8d9f-e711-a956-000d3ab0a886}" behavior="0" />
      <RootComponent type="92" id="{2482b5d7-719f-e711-a955-000d3ab08717}" behavior="0" />
      <RootComponent type="92" id="{2a863282-8d9f-e711-a954-000d3ab2b4cc}" behavior="0" />
      <RootComponent type="92" id="{3728dab6-719f-e711-a955-000d3ab08717}" behavior="0" />
      <RootComponent type="92" id="{3fd7d672-30a2-e711-810b-5065f38be511}" behavior="0" />
      <RootComponent type="92" id="{47e9382a-8d9f-e711-a955-000d3ab08a19}" behavior="0" />
      <RootComponent type="92" id="{55eb1500-8d9f-e711-a957-000d3ab08f42}" behavior="0" />
      <RootComponent type="92" id="{56ce09b3-8d9f-e711-a956-000d3ab0a886}" behavior="0" />
      <RootComponent type="92" id="{6efff1f1-719f-e711-a954-000d3ab0810f}" behavior="0" />
      <RootComponent type="92" id="{7b84fed0-8d9f-e711-a956-000d3ab0a886}" behavior="0" />
      <RootComponent type="92" id="{83a8c563-8d9f-e711-a955-000d3ab08717}" behavior="0" />
      <RootComponent type="92" id="{9142a81e-8d9f-e711-a957-000d3ab08f42}" behavior="0" />
      <RootComponent type="92" id="{9b697cdb-8d9f-e711-a955-000d3ab08a19}" behavior="0" />
      <RootComponent type="92" id="{9f2db78f-8d9f-e711-a955-000d3ab08a19}" behavior="0" />
      <RootComponent type="92" id="{c058f59a-8d9f-e711-a955-000d3ab08717}" behavior="0" />
    </RootComponents>
    <MissingDependencies />
  </SolutionManifest>
</ImportExportXml>