<ImportExportXml xmlns:xsi="http://www.w3.org/2001/XMLSchema-instance">
  <Entities></Entities>
  <Roles></Roles>
  <Workflows></Workflows>
  <FieldSecurityProfiles></FieldSecurityProfiles>
  <Templates />
  <EntityMaps />
  <EntityRelationships />
  <OrganizationSettings />
  <optionsets />
  <SolutionPluginAssemblies>
    <PluginAssembly FullName="Rappen.Canary365.Plugin, Version=8.2.0.1, Culture=neutral, PublicKeyToken=fb1012b574914643" CustomizationLevel="1">
      <IsolationMode>2</IsolationMode>
      <SourceType>0</SourceType>
      <IntroducedVersion>1.0</IntroducedVersion>
      <FileName>/PluginAssemblies/RappenCanary365Plugin-8834E977-EB63-47A5-9A16-8671BBEBB7A0/RappenCanary365Plugin.dll</FileName>
      <PluginTypes>
        <PluginType AssemblyQualifiedName="Rappen.Canary365.Plugin.Canary, Rappen.Canary365.Plugin, Version=8.2.0.1, Culture=neutral, PublicKeyToken=fb1012b574914643" Name="Rappen.Canary365.Plugin.Canary">
          <FriendlyName>e3519d0e-54d7-472b-a9a9-0ab36796cf96</FriendlyName>
        </PluginType>
      </PluginTypes>
    </PluginAssembly>
  </SolutionPluginAssemblies>
  <SdkMessageProcessingSteps>
    <SdkMessageProcessingStep Name="Canary365: Pre Create" SdkMessageProcessingStepId="{3728dab6-719f-e711-a955-000d3ab08717}">
      <PluginTypeName>Rappen.Canary365.Plugin.Canary, Rappen.Canary365.Plugin, Version=8.2.0.1, Culture=neutral, PublicKeyToken=fb1012b574914643</PluginTypeName>
      <AsyncAutoDelete>0</AsyncAutoDelete>
      <FilteringAttributes></FilteringAttributes>
      <InvocationSource>0</InvocationSource>
      <Mode>0</Mode>
      <Rank>1</Rank>
      <SdkMessageId>{9ebdbb1b-ea3e-db11-86a7-000a3a5473e8}</SdkMessageId>
      <EventHandlerTypeCode>4602</EventHandlerTypeCode>
      <Stage>10</Stage>
      <IsCustomizable>1</IsCustomizable>
      <IsHidden>0</IsHidden>
      <SupportedDeployment>0</SupportedDeployment>
      <IntroducedVersion>1.0</IntroducedVersion>
      <SdkMessageProcessingStepImages />
    </SdkMessageProcessingStep>
    <SdkMessageProcessingStep Name="Canary365: Pre Delete" SdkMessageProcessingStepId="{2482b5d7-719f-e711-a955-000d3ab08717}">
      <PluginTypeName>Rappen.Canary365.Plugin.Canary, Rappen.Canary365.Plugin, Version=8.2.0.1, Culture=neutral, PublicKeyToken=fb1012b574914643</PluginTypeName>
      <AsyncAutoDelete>0</AsyncAutoDelete>
      <FilteringAttributes></FilteringAttributes>
      <InvocationSource>0</InvocationSource>
      <Mode>0</Mode>
      <Rank>1</Rank>
      <SdkMessageId>{a1bdbb1b-ea3e-db11-86a7-000a3a5473e8}</SdkMessageId>
      <EventHandlerTypeCode>4602</EventHandlerTypeCode>
      <Stage>10</Stage>
      <IsCustomizable>1</IsCustomizable>
      <IsHidden>0</IsHidden>
      <SupportedDeployment>0</SupportedDeployment>
      <IntroducedVersion>1.0</IntroducedVersion>
      <SdkMessageProcessingStepImages>
        <SdkMessageProcessingStepImage Name="">
          <SdkMessageProcessingStepImageId>{5deddee6-719f-e711-a956-000d3ab0a886}</SdkMessageProcessingStepImageId>
          <Attributes></Attributes>
          <EntityAlias>image</EntityAlias>
          <ImageType>0</ImageType>
          <MessagePropertyName>Target</MessagePropertyName>
          <IsCustomizable>1</IsCustomizable>
        </SdkMessageProcessingStepImage>
      </SdkMessageProcessingStepImages>
    </SdkMessageProcessingStep>
    <SdkMessageProcessingStep Name="Canary365: Pre Update" SdkMessageProcessingStepId="{05b85aca-719f-e711-a956-000d3ab0a886}">
      <PluginTypeName>Rappen.Canary365.Plugin.Canary, Rappen.Canary365.Plugin, Version=8.2.0.1, Culture=neutral, PublicKeyToken=fb1012b574914643</PluginTypeName>
      <AsyncAutoDelete>0</AsyncAutoDelete>
      <FilteringAttributes></FilteringAttributes>
      <InvocationSource>0</InvocationSource>
      <Mode>0</Mode>
      <Rank>1</Rank>
      <SdkMessageId>{20bebb1b-ea3e-db11-86a7-000a3a5473e8}</SdkMessageId>
      <EventHandlerTypeCode>4602</EventHandlerTypeCode>
      <Stage>10</Stage>
      <IsCustomizable>1</IsCustomizable>
      <IsHidden>0</IsHidden>
      <SupportedDeployment>0</SupportedDeployment>
      <IntroducedVersion>1.0</IntroducedVersion>
      <SdkMessageProcessingStepImages>
        <SdkMessageProcessingStepImage Name="">
          <SdkMessageProcessingStepImageId>{a035abe0-719f-e711-a955-000d3ab08717}</SdkMessageProcessingStepImageId>
          <Attributes></Attributes>
          <EntityAlias>image</EntityAlias>
          <ImageType>0</ImageType>
          <MessagePropertyName>Target</MessagePropertyName>
          <IsCustomizable>1</IsCustomizable>
        </SdkMessageProcessingStepImage>
      </SdkMessageProcessingStepImages>
    </SdkMessageProcessingStep>
    <SdkMessageProcessingStep Name="Canary365: Pre Validate Assign" SdkMessageProcessingStepId="{55eb1500-8d9f-e711-a957-000d3ab08f42}">
      <PluginTypeName>Rappen.Canary365.Plugin.Canary, Rappen.Canary365.Plugin, Version=8.2.0.1, Culture=neutral, PublicKeyToken=fb1012b574914643</PluginTypeName>
      <AsyncAutoDelete>0</AsyncAutoDelete>
      <FilteringAttributes></FilteringAttributes>
      <InvocationSource>0</InvocationSource>
      <Mode>0</Mode>
      <Rank>1</Rank>
      <SdkMessageId>{8cbdbb1b-ea3e-db11-86a7-000a3a5473e8}</SdkMessageId>
      <EventHandlerTypeCode>4602</EventHandlerTypeCode>
      <Stage>10</Stage>
      <IsCustomizable>1</IsCustomizable>
      <IsHidden>0</IsHidden>
      <SupportedDeployment>0</SupportedDeployment>
      <IntroducedVersion>1.0</IntroducedVersion>
      <SdkMessageProcessingStepImages />
    </SdkMessageProcessingStep>
    <SdkMessageProcessingStep Name="Canary365: Pre Validate Associate" SdkMessageProcessingStepId="{9142a81e-8d9f-e711-a957-000d3ab08f42}">
      <PluginTypeName>Rappen.Canary365.Plugin.Canary, Rappen.Canary365.Plugin, Version=8.2.0.1, Culture=neutral, PublicKeyToken=fb1012b574914643</PluginTypeName>
      <AsyncAutoDelete>0</AsyncAutoDelete>
      <FilteringAttributes></FilteringAttributes>
      <InvocationSource>0</InvocationSource>
      <Mode>0</Mode>
      <Rank>1</Rank>
      <SdkMessageId>{16e7c888-3b24-448b-b7da-ebfe9b681762}</SdkMessageId>
      <EventHandlerTypeCode>4602</EventHandlerTypeCode>
      <Stage>10</Stage>
      <IsCustomizable>1</IsCustomizable>
      <IsHidden>0</IsHidden>
      <SupportedDeployment>0</SupportedDeployment>
      <IntroducedVersion>1.0</IntroducedVersion>
      <SdkMessageProcessingStepImages />
    </SdkMessageProcessingStep>
    <SdkMessageProcessingStep Name="Canary365: Pre Validate Disassociate" SdkMessageProcessingStepId="{47e9382a-8d9f-e711-a955-000d3ab08a19}">
      <PluginTypeName>Rappen.Canary365.Plugin.Canary, Rappen.Canary365.Plugin, Version=8.2.0.1, Culture=neutral, PublicKeyToken=fb1012b574914643</PluginTypeName>
      <AsyncAutoDelete>0</AsyncAutoDelete>
      <FilteringAttributes></FilteringAttributes>
      <InvocationSource>0</InvocationSource>
      <Mode>0</Mode>
      <Rank>1</Rank>
      <SdkMessageId>{bdfc191d-fc56-493a-a6b1-cb0c47a22ecc}</SdkMessageId>
      <EventHandlerTypeCode>4602</EventHandlerTypeCode>
      <Stage>10</Stage>
      <IsCustomizable>1</IsCustomizable>
      <IsHidden>0</IsHidden>
      <SupportedDeployment>0</SupportedDeployment>
      <IntroducedVersion>1.0</IntroducedVersion>
      <SdkMessageProcessingStepImages />
    </SdkMessageProcessingStep>
    <SdkMessageProcessingStep Name="Canary365: Pre Validate Execute" SdkMessageProcessingStepId="{20f17e54-8d9f-e711-a956-000d3ab0a886}">
      <PluginTypeName>Rappen.Canary365.Plugin.Canary, Rappen.Canary365.Plugin, Version=8.2.0.1, Culture=neutral, PublicKeyToken=fb1012b574914643</PluginTypeName>
      <AsyncAutoDelete>0</AsyncAutoDelete>
      <FilteringAttributes></FilteringAttributes>
      <InvocationSource>0</InvocationSource>
      <Mode>0</Mode>
      <Rank>1</Rank>
      <SdkMessageId>{a6bdbb1b-ea3e-db11-86a7-000a3a5473e8}</SdkMessageId>
      <EventHandlerTypeCode>4602</EventHandlerTypeCode>
      <Stage>10</Stage>
      <IsCustomizable>1</IsCustomizable>
      <IsHidden>0</IsHidden>
      <SupportedDeployment>0</SupportedDeployment>
      <IntroducedVersion>1.0</IntroducedVersion>
      <SdkMessageProcessingStepImages />
    </SdkMessageProcessingStep>
    <SdkMessageProcessingStep Name="Canary365: Pre Validate GrantAccess" SdkMessageProcessingStepId="{83a8c563-8d9f-e711-a955-000d3ab08717}">
      <PluginTypeName>Rappen.Canary365.Plugin.Canary, Rappen.Canary365.Plugin, Version=8.2.0.1, Culture=neutral, PublicKeyToken=fb1012b574914643</PluginTypeName>
      <AsyncAutoDelete>0</AsyncAutoDelete>
      <FilteringAttributes></FilteringAttributes>
      <InvocationSource>0</InvocationSource>
      <Mode>0</Mode>
      <Rank>1</Rank>
      <SdkMessageId>{c5bdbb1b-ea3e-db11-86a7-000a3a5473e8}</SdkMessageId>
      <EventHandlerTypeCode>4602</EventHandlerTypeCode>
      <Stage>10</Stage>
      <IsCustomizable>1</IsCustomizable>
      <IsHidden>0</IsHidden>
      <SupportedDeployment>0</SupportedDeployment>
      <IntroducedVersion>1.0</IntroducedVersion>
      <SdkMessageProcessingStepImages />
    </SdkMessageProcessingStep>
    <SdkMessageProcessingStep Name="Canary365: Pre Validate Lose" SdkMessageProcessingStepId="{20b76274-8d9f-e711-a957-000d3ab08f42}">
      <PluginTypeName>Rappen.Canary365.Plugin.Canary, Rappen.Canary365.Plugin, Version=8.2.0.1, Culture=neutral, PublicKeyToken=fb1012b574914643</PluginTypeName>
      <AsyncAutoDelete>0</AsyncAutoDelete>
      <FilteringAttributes></FilteringAttributes>
      <InvocationSource>0</InvocationSource>
      <Mode>0</Mode>
      <Rank>1</Rank>
      <SdkMessageId>{d1bdbb1b-ea3e-db11-86a7-000a3a5473e8}</SdkMessageId>
      <EventHandlerTypeCode>4602</EventHandlerTypeCode>
      <Stage>10</Stage>
      <IsCustomizable>1</IsCustomizable>
      <IsHidden>0</IsHidden>
      <SupportedDeployment>0</SupportedDeployment>
      <IntroducedVersion>1.0</IntroducedVersion>
      <SdkMessageProcessingStepImages />
    </SdkMessageProcessingStep>
    <SdkMessageProcessingStep Name="Canary365: Pre Validate Merge" SdkMessageProcessingStepId="{2a863282-8d9f-e711-a954-000d3ab2b4cc}">
      <PluginTypeName>Rappen.Canary365.Plugin.Canary, Rappen.Canary365.Plugin, Version=8.2.0.1, Culture=neutral, PublicKeyToken=fb1012b574914643</PluginTypeName>
      <AsyncAutoDelete>0</AsyncAutoDelete>
      <FilteringAttributes></FilteringAttributes>
      <InvocationSource>0</InvocationSource>
      <Mode>0</Mode>
      <Rank>1</Rank>
      <SdkMessageId>{dbbdbb1b-ea3e-db11-86a7-000a3a5473e8}</SdkMessageId>
      <EventHandlerTypeCode>4602</EventHandlerTypeCode>
      <Stage>10</Stage>
      <IsCustomizable>1</IsCustomizable>
      <IsHidden>0</IsHidden>
      <SupportedDeployment>0</SupportedDeployment>
      <IntroducedVersion>1.0</IntroducedVersion>
      <SdkMessageProcessingStepImages />
    </SdkMessageProcessingStep>
    <SdkMessageProcessingStep Name="Canary365: Pre Validate PickFromQueue" SdkMessageProcessingStepId="{9f2db78f-8d9f-e711-a955-000d3ab08a19}">
      <PluginTypeName>Rappen.Canary365.Plugin.Canary, Rappen.Canary365.Plugin, Version=8.2.0.1, Culture=neutral, PublicKeyToken=fb1012b574914643</PluginTypeName>
      <AsyncAutoDelete>0</AsyncAutoDelete>
      <FilteringAttributes></FilteringAttributes>
      <InvocationSource>0</InvocationSource>
      <Mode>0</Mode>
      <Rank>1</Rank>
      <SdkMessageId>{7459db03-bcf8-4faf-ba2a-b9f088c4bac4}</SdkMessageId>
      <EventHandlerTypeCode>4602</EventHandlerTypeCode>
      <Stage>10</Stage>
      <IsCustomizable>1</IsCustomizable>
      <IsHidden>0</IsHidden>
      <SupportedDeployment>0</SupportedDeployment>
      <IntroducedVersion>1.0</IntroducedVersion>
      <SdkMessageProcessingStepImages />
    </SdkMessageProcessingStep>
    <SdkMessageProcessingStep Name="Canary365: Pre Validate QualifyLead" SdkMessageProcessingStepId="{c058f59a-8d9f-e711-a955-000d3ab08717}">
      <PluginTypeName>Rappen.Canary365.Plugin.Canary, Rappen.Canary365.Plugin, Version=8.2.0.1, Culture=neutral, PublicKeyToken=fb1012b574914643</PluginTypeName>
      <AsyncAutoDelete>0</AsyncAutoDelete>
      <FilteringAttributes></FilteringAttributes>
      <InvocationSource>0</InvocationSource>
      <Mode>0</Mode>
      <Rank>1</Rank>
      <SdkMessageId>{644c3365-b36c-431e-b76b-5c3e48adee55}</SdkMessageId>
      <EventHandlerTypeCode>4602</EventHandlerTypeCode>
      <Stage>10</Stage>
      <IsCustomizable>1</IsCustomizable>
      <IsHidden>0</IsHidden>
      <SupportedDeployment>0</SupportedDeployment>
      <IntroducedVersion>1.0</IntroducedVersion>
      <SdkMessageProcessingStepImages />
    </SdkMessageProcessingStep>
    <SdkMessageProcessingStep Name="Canary365: Pre Validate Retrieve" SdkMessageProcessingStepId="{6efff1f1-719f-e711-a954-000d3ab0810f}">
      <PluginTypeName>Rappen.Canary365.Plugin.Canary, Rappen.Canary365.Plugin, Version=8.2.0.1, Culture=neutral, PublicKeyToken=fb1012b574914643</PluginTypeName>
      <AsyncAutoDelete>0</AsyncAutoDelete>
      <FilteringAttributes></FilteringAttributes>
      <InvocationSource>0</InvocationSource>
      <Mode>0</Mode>
      <Rank>1</Rank>
      <SdkMessageId>{f2bdbb1b-ea3e-db11-86a7-000a3a5473e8}</SdkMessageId>
      <EventHandlerTypeCode>4602</EventHandlerTypeCode>
      <Stage>10</Stage>
      <IsCustomizable>1</IsCustomizable>
      <IsHidden>0</IsHidden>
      <SupportedDeployment>0</SupportedDeployment>
      <IntroducedVersion>1.0</IntroducedVersion>
      <SdkMessageProcessingStepImages />
    </SdkMessageProcessingStep>
    <SdkMessageProcessingStep Name="Canary365: Pre Validate RevokeAccess" SdkMessageProcessingStepId="{56ce09b3-8d9f-e711-a956-000d3ab0a886}">
      <PluginTypeName>Rappen.Canary365.Plugin.Canary, Rappen.Canary365.Plugin, Version=8.2.0.1, Culture=neutral, PublicKeyToken=fb1012b574914643</PluginTypeName>
      <AsyncAutoDelete>0</AsyncAutoDelete>
      <FilteringAttributes></FilteringAttributes>
      <InvocationSource>0</InvocationSource>
      <Mode>0</Mode>
      <Rank>1</Rank>
      <SdkMessageId>{11bebb1b-ea3e-db11-86a7-000a3a5473e8}</SdkMessageId>
      <EventHandlerTypeCode>4602</EventHandlerTypeCode>
      <Stage>10</Stage>
      <IsCustomizable>1</IsCustomizable>
      <IsHidden>0</IsHidden>
      <SupportedDeployment>0</SupportedDeployment>
      <IntroducedVersion>1.0</IntroducedVersion>
      <SdkMessageProcessingStepImages />
    </SdkMessageProcessingStep>
    <SdkMessageProcessingStep Name="Canary365: Pre Validate Route" SdkMessageProcessingStepId="{18ae57c3-8d9f-e711-a954-000d3ab2b4cc}">
      <PluginTypeName>Rappen.Canary365.Plugin.Canary, Rappen.Canary365.Plugin, Version=8.2.0.1, Culture=neutral, PublicKeyToken=fb1012b574914643</PluginTypeName>
      <AsyncAutoDelete>0</AsyncAutoDelete>
      <FilteringAttributes></FilteringAttributes>
      <InvocationSource>0</InvocationSource>
      <Mode>0</Mode>
      <Rank>1</Rank>
      <SdkMessageId>{13bebb1b-ea3e-db11-86a7-000a3a5473e8}</SdkMessageId>
      <EventHandlerTypeCode>4602</EventHandlerTypeCode>
      <Stage>10</Stage>
      <IsCustomizable>1</IsCustomizable>
      <IsHidden>0</IsHidden>
      <SupportedDeployment>0</SupportedDeployment>
      <IntroducedVersion>1.0</IntroducedVersion>
      <SdkMessageProcessingStepImages />
    </SdkMessageProcessingStep>
    <SdkMessageProcessingStep Name="Canary365: Pre Validate SetState" SdkMessageProcessingStepId="{7b84fed0-8d9f-e711-a956-000d3ab0a886}">
      <PluginTypeName>Rappen.Canary365.Plugin.Canary, Rappen.Canary365.Plugin, Version=8.2.0.1, Culture=neutral, PublicKeyToken=fb1012b574914643</PluginTypeName>
      <AsyncAutoDelete>0</AsyncAutoDelete>
      <FilteringAttributes></FilteringAttributes>
      <InvocationSource>0</InvocationSource>
      <Mode>0</Mode>
      <Rank>1</Rank>
      <SdkMessageId>{1cbebb1b-ea3e-db11-86a7-000a3a5473e8}</SdkMessageId>
      <EventHandlerTypeCode>4602</EventHandlerTypeCode>
      <Stage>10</Stage>
      <IsCustomizable>1</IsCustomizable>
      <IsHidden>0</IsHidden>
      <SupportedDeployment>0</SupportedDeployment>
      <IntroducedVersion>1.0</IntroducedVersion>
      <SdkMessageProcessingStepImages />
    </SdkMessageProcessingStep>
    <SdkMessageProcessingStep Name="Canary365: Pre Validate SetStateDynamicEntity" SdkMessageProcessingStepId="{9b697cdb-8d9f-e711-a955-000d3ab08a19}">
      <PluginTypeName>Rappen.Canary365.Plugin.Canary, Rappen.Canary365.Plugin, Version=8.2.0.1, Culture=neutral, PublicKeyToken=fb1012b574914643</PluginTypeName>
      <AsyncAutoDelete>0</AsyncAutoDelete>
      <FilteringAttributes></FilteringAttributes>
      <InvocationSource>0</InvocationSource>
      <Mode>0</Mode>
      <Rank>1</Rank>
      <SdkMessageId>{1dbebb1b-ea3e-db11-86a7-000a3a5473e8}</SdkMessageId>
      <EventHandlerTypeCode>4602</EventHandlerTypeCode>
      <Stage>10</Stage>
      <IsCustomizable>1</IsCustomizable>
      <IsHidden>0</IsHidden>
      <SupportedDeployment>0</SupportedDeployment>
      <IntroducedVersion>1.0</IntroducedVersion>
      <SdkMessageProcessingStepImages />
    </SdkMessageProcessingStep>
  </SdkMessageProcessingSteps>
  <Languages>
    <Language>1033</Language>
  </Languages>
</ImportExportXml>