<ImportExportXml xmlns:xsi="http://www.w3.org/2001/XMLSchema-instance">
  <Entities></Entities>
  <Roles></Roles>
  <Workflows></Workflows>
  <FieldSecurityProfiles></FieldSecurityProfiles>
  <Templates />
  <EntityMaps />
  <EntityRelationships />
  <OrganizationSettings />
  <optionsets />
  <CustomControls />
  <SolutionPluginAssemblies>
    <PluginAssembly FullName="Rappen.Canary365.Plugin, Version=9.1.0.5, Culture=neutral, PublicKeyToken=a483b8241235b9f4" PluginAssemblyId="3a0b2c17-aa1d-4b35-afdd-b0ee18bc85c9" CustomizationLevel="1">
      <IsolationMode>2</IsolationMode>
      <SourceType>0</SourceType>
      <IntroducedVersion>1.0</IntroducedVersion>
      <FileName>/PluginAssemblies/RappenCanary365Plugin-3A0B2C17-AA1D-4B35-AFDD-B0EE18BC85C9/RappenCanary365Plugin.dll</FileName>
      <PluginTypes>
        <PluginType AssemblyQualifiedName="Rappen.Canary365.Plugin.Canary, Rappen.Canary365.Plugin, Version=9.1.0.5, Culture=neutral, PublicKeyToken=a483b8241235b9f4" PluginTypeId="9bba1ade-7264-4216-acc2-0669f738135a" Name="Rappen.Canary365.Plugin.Canary">
          <FriendlyName>917ef6d7-a14f-49b4-bdfd-0dfc9f6f687a</FriendlyName>
        </PluginType>
      </PluginTypes>
    </PluginAssembly>
  </SolutionPluginAssemblies>
  <SdkMessageProcessingSteps>
    <SdkMessageProcessingStep Name="Canary: Associate Pre Val" SdkMessageProcessingStepId="{9a4fe562-1a4a-ec11-8c62-6045bd90f5a7}">
      <SdkMessageId>16e7c888-3b24-448b-b7da-ebfe9b681762</SdkMessageId>
      <PluginTypeName>Rappen.Canary365.Plugin.Canary, Rappen.Canary365.Plugin, Version=9.1.0.5, Culture=neutral, PublicKeyToken=a483b8241235b9f4</PluginTypeName>
      <PluginTypeId>9bba1ade-7264-4216-acc2-0669f738135a</PluginTypeId>
      <AsyncAutoDelete>0</AsyncAutoDelete>
      <FilteringAttributes></FilteringAttributes>
      <InvocationSource>0</InvocationSource>
      <Mode>0</Mode>
      <Rank>1</Rank>
      <EventHandlerTypeCode>4602</EventHandlerTypeCode>
      <Stage>10</Stage>
      <IsCustomizable>1</IsCustomizable>
      <IsHidden>0</IsHidden>
      <SupportedDeployment>0</SupportedDeployment>
      <IntroducedVersion>1.0</IntroducedVersion>
      <SdkMessageProcessingStepImages />
    </SdkMessageProcessingStep>
    <SdkMessageProcessingStep Name="Canary: Create Pre Val" SdkMessageProcessingStepId="{d749cbed-194a-ec11-8c62-6045bd90f5a7}">
      <SdkMessageId>9ebdbb1b-ea3e-db11-86a7-000a3a5473e8</SdkMessageId>
      <PluginTypeName>Rappen.Canary365.Plugin.Canary, Rappen.Canary365.Plugin, Version=9.1.0.5, Culture=neutral, PublicKeyToken=a483b8241235b9f4</PluginTypeName>
      <PluginTypeId>9bba1ade-7264-4216-acc2-0669f738135a</PluginTypeId>
      <AsyncAutoDelete>0</AsyncAutoDelete>
      <FilteringAttributes></FilteringAttributes>
      <InvocationSource>0</InvocationSource>
      <Mode>0</Mode>
      <Rank>1</Rank>
      <EventHandlerTypeCode>4602</EventHandlerTypeCode>
      <Stage>10</Stage>
      <IsCustomizable>1</IsCustomizable>
      <IsHidden>0</IsHidden>
      <SupportedDeployment>0</SupportedDeployment>
      <IntroducedVersion>1.0</IntroducedVersion>
      <SdkMessageProcessingStepImages />
    </SdkMessageProcessingStep>
    <SdkMessageProcessingStep Name="Canary: Delete Pre Val" SdkMessageProcessingStepId="{f3c7d450-1a4a-ec11-8c62-6045bd90f5a7}">
      <SdkMessageId>a1bdbb1b-ea3e-db11-86a7-000a3a5473e8</SdkMessageId>
      <PluginTypeName>Rappen.Canary365.Plugin.Canary, Rappen.Canary365.Plugin, Version=9.1.0.5, Culture=neutral, PublicKeyToken=a483b8241235b9f4</PluginTypeName>
      <PluginTypeId>9bba1ade-7264-4216-acc2-0669f738135a</PluginTypeId>
      <AsyncAutoDelete>0</AsyncAutoDelete>
      <FilteringAttributes></FilteringAttributes>
      <InvocationSource>0</InvocationSource>
      <Mode>0</Mode>
      <Rank>1</Rank>
      <EventHandlerTypeCode>4602</EventHandlerTypeCode>
      <Stage>10</Stage>
      <IsCustomizable>1</IsCustomizable>
      <IsHidden>0</IsHidden>
      <SupportedDeployment>0</SupportedDeployment>
      <IntroducedVersion>1.0</IntroducedVersion>
      <SdkMessageProcessingStepImages />
    </SdkMessageProcessingStep>
    <SdkMessageProcessingStep Name="Canary: Disassociate Pre Val" SdkMessageProcessingStepId="{6b448aa0-1a4a-ec11-8c62-6045bd90f5a7}">
      <SdkMessageId>bdfc191d-fc56-493a-a6b1-cb0c47a22ecc</SdkMessageId>
      <PluginTypeName>Rappen.Canary365.Plugin.Canary, Rappen.Canary365.Plugin, Version=9.1.0.5, Culture=neutral, PublicKeyToken=a483b8241235b9f4</PluginTypeName>
      <PluginTypeId>9bba1ade-7264-4216-acc2-0669f738135a</PluginTypeId>
      <AsyncAutoDelete>0</AsyncAutoDelete>
      <FilteringAttributes></FilteringAttributes>
      <InvocationSource>0</InvocationSource>
      <Mode>0</Mode>
      <Rank>1</Rank>
      <EventHandlerTypeCode>4602</EventHandlerTypeCode>
      <Stage>10</Stage>
      <IsCustomizable>1</IsCustomizable>
      <IsHidden>0</IsHidden>
      <SupportedDeployment>0</SupportedDeployment>
      <IntroducedVersion>1.0</IntroducedVersion>
      <SdkMessageProcessingStepImages />
    </SdkMessageProcessingStep>
    <SdkMessageProcessingStep Name="Canary: Retrieve Pre Val" SdkMessageProcessingStepId="{85bd22c7-1a4a-ec11-8c62-6045bd90f5a7}">
      <SdkMessageId>f2bdbb1b-ea3e-db11-86a7-000a3a5473e8</SdkMessageId>
      <PluginTypeName>Rappen.Canary365.Plugin.Canary, Rappen.Canary365.Plugin, Version=9.1.0.5, Culture=neutral, PublicKeyToken=a483b8241235b9f4</PluginTypeName>
      <PluginTypeId>9bba1ade-7264-4216-acc2-0669f738135a</PluginTypeId>
      <AsyncAutoDelete>0</AsyncAutoDelete>
      <FilteringAttributes></FilteringAttributes>
      <InvocationSource>0</InvocationSource>
      <Mode>0</Mode>
      <Rank>1</Rank>
      <EventHandlerTypeCode>4602</EventHandlerTypeCode>
      <Stage>10</Stage>
      <IsCustomizable>1</IsCustomizable>
      <IsHidden>0</IsHidden>
      <SupportedDeployment>0</SupportedDeployment>
      <IntroducedVersion>1.0</IntroducedVersion>
      <SdkMessageProcessingStepImages />
    </SdkMessageProcessingStep>
    <SdkMessageProcessingStep Name="Canary: Update Pre Val" SdkMessageProcessingStepId="{2597143e-1a4a-ec11-8c62-6045bd90f5a7}">
      <SdkMessageId>20bebb1b-ea3e-db11-86a7-000a3a5473e8</SdkMessageId>
      <PluginTypeName>Rappen.Canary365.Plugin.Canary, Rappen.Canary365.Plugin, Version=9.1.0.5, Culture=neutral, PublicKeyToken=a483b8241235b9f4</PluginTypeName>
      <PluginTypeId>9bba1ade-7264-4216-acc2-0669f738135a</PluginTypeId>
      <AsyncAutoDelete>0</AsyncAutoDelete>
      <FilteringAttributes></FilteringAttributes>
      <InvocationSource>0</InvocationSource>
      <Mode>0</Mode>
      <Rank>1</Rank>
      <EventHandlerTypeCode>4602</EventHandlerTypeCode>
      <Stage>10</Stage>
      <IsCustomizable>1</IsCustomizable>
      <IsHidden>0</IsHidden>
      <SupportedDeployment>0</SupportedDeployment>
      <IntroducedVersion>1.0</IntroducedVersion>
      <SdkMessageProcessingStepImages />
    </SdkMessageProcessingStep>
  </SdkMessageProcessingSteps>
  <EntityDataProviders />
  <Languages>
    <Language>1033</Language>
  </Languages>
</ImportExportXml>